Channel,Scale,0,1,2,3,4,5,6,7,8,9,10,11,12,13,14,15,16,17,18,19,20,21,22,23,24,25,26,27,28,29,30,31,32,33,34,35,36,37,38,39,40,41,42,43,44,45,46,47,48,49,50,51,52,53,54,55,56,57,58,59,60,61,62,63,64,65,66,67,68,69,70,71,72,73,74,75,76,77,78,79
kslowtab,0.01,6.3128,6.5537,6.2516,6.4707,6.9891,7.0996,6.7882,6.2761,5.9026,5.7261,5.7303,5.8307,5.7719,5.5574,5.2308,4.8339,4.4036,3.9526,3.4953,3.0555,2.6512,2.2955,1.9964,1.7587,1.5778,1.4231,1.2919,1.1855,1.1045,1.0483,1.0161,1.0066,1.018,1.0484,1.0956,1.14,1.1704,1.1874,1.1917,1.1840000000000002,1.1654,1.1367,1.099,1.0533,1.0005,0.9417700000000001,0.87797,0.81005,0.7388899999999999,0.66693,0.59838,0.53375,0.47336000000000006,0.41747,0.36626,0.31988,0.27842,0.24191,0.21036,0.18373,0.16197,0.14498,0.13264,0.12480999999999999,0.12135,0.12207,0.12679,0.13532,0.14747000000000002,0.16084,0.17319,0.1845,0.19477,0.20398,0.21213,0.21925,0.22533000000000003,0.2304,0.23446,0.23755
kslowtab,0.05,5.5535,6.4448,6.5636,6.8293,7.149,7.0996,6.7333,6.2456,5.8942,5.7261,5.7267,5.8164,5.7537,5.5427,5.2254,4.842,4.428,3.9912,3.5432,3.108,2.7039999999999997,2.3445,2.0386,1.7913,1.599,1.4326,1.2903,1.1735,1.0829,1.0182,0.9785799999999999,0.9628,0.9691700000000001,0.9957799999999999,1.0403,1.0829,1.1121,1.1283,1.1323,1.1248,1.1067,1.079,1.0426,0.9985,0.94768,0.8911,0.8296600000000001,0.76427,0.6957800000000001,0.62657,0.5607800000000001,0.49891,0.44125,0.38803000000000004,0.33942,0.29556,0.25651,0.22230999999999998,0.19295,0.16839,0.14855,0.13334000000000001,0.12264000000000001,0.1163,0.11417999999999999,0.11609000000000001,0.12185,0.13128,0.14417,0.1582,0.17119,0.1831,0.19394,0.20369,0.21236,0.21995,0.22648000000000001,0.23195,0.23639000000000002,0.23981999999999998
kslowtab,0.2,4.6526,6.6557,7.1089,7.1047,6.9293,6.6499,6.3653,6.1378,5.9670000000000005,5.8639,5.8289,5.8188,5.6707,5.402,5.0547,4.6671,4.2709,3.8608,3.4389,3.028,2.6457,2.3047,2.0136,1.7773,1.5925,1.4311,1.2913,1.1749,1.0826,1.0144,0.96977,0.9476600000000001,0.9466200000000001,0.96496,1.0006,1.0351,1.0575,1.0685,1.0687,1.0589,1.0398,1.0123,0.97735,0.9357700000000001,0.88846,0.83626,0.7800199999999999,0.72051,0.6585,0.5960300000000001,0.53663,0.48073,0.4286,0.38045,0.33646,0.29671,0.2613,0.23024,0.20353,0.18115,0.16301,0.14905,0.13915,0.13318,0.131,0.13247,0.13741,0.14565999999999998,0.15704,0.16943,0.18083,0.19121,0.20058,0.20894000000000001,0.21629,0.22263000000000002,0.22799,0.23237,0.23579,0.23829
kslowtab,0.5,4.7533,6.5092,6.7088,6.6595,6.5971,6.4281,6.2039,5.987,5.7942,5.6483,5.5601,5.4984,5.3214,5.0471,4.7143,4.3571,4.0028,3.637,3.2558,2.8805,2.5274,2.2089,1.9335,1.7063,1.5252,1.3664,1.2288,1.114,1.023,0.9557100000000001,0.91156,0.88951,0.8881899999999999,0.9059299999999999,0.94071,0.9746100000000001,0.9972,1.0090000000000001,1.0105,1.0025,0.9857899999999999,0.96105,0.92916,0.8909299999999999,0.84719,0.79874,0.74637,0.69082,0.6328,0.5743199999999999,0.51885,0.46681000000000006,0.41843,0.37390999999999996,0.33337,0.29693,0.26463000000000003,0.23649,0.21249,0.1926,0.17675,0.16483,0.15675999999999998,0.15239,0.15159,0.15422,0.1601,0.16907,0.18097,0.19372999999999999,0.20543000000000003,0.21604,0.22557,0.23401999999999998,0.24139000000000002,0.2477,0.25295,0.25718,0.26039,0.26261999999999996
kslowtab,0.8,6.8627,6.5595,5.9718,6.1874,6.872999999999999,7.1561,6.9595,6.4932,6.1075,5.8763,5.8,5.81,5.6678,5.3844,5.0065,4.5771,4.1325,3.6845,3.2457,2.8368,2.4731,2.1645,1.9167,1.732,1.6029,1.4914,1.3938,1.3114,1.2448,1.1943,1.1595,1.1399,1.1345,1.1424,1.1622,1.1791,1.1846,1.1795,1.1647,1.1409,1.1093,1.0705,1.0257,0.97569,0.92137,0.8635799999999999,0.80313,0.7407699999999999,0.67719,0.6140100000000001,0.5538,0.49700000000000005,0.44388999999999995,0.39468000000000003,0.34956,0.30864,0.272,0.2397,0.21173000000000003,0.18805999999999998,0.16865,0.1534,0.14224,0.13502,0.13163,0.1319,0.13569,0.14282999999999998,0.15314,0.16451,0.17494,0.18442999999999998,0.19297999999999998,0.20057,0.20722,0.21293,0.21773,0.22161,0.22461,0.22673000000000001
kslowtab,1,5.8947,6.7717,6.5421,6.6543,7.0425,7.1185,6.8659,6.4509,6.1,5.8721,5.7737,5.7514,5.607,5.351,5.023,4.6588,4.2879,3.8993,3.4917,3.088,2.7064,2.3603,2.0592,1.8090000000000002,1.6079,1.4324,1.2813,1.1566,1.0588,0.98793,0.9432,0.9233100000000001,0.9266,0.95114,0.9945799999999999,1.0365,1.0651,1.0808,1.0844,1.0767,1.0585,1.0307,0.99441,0.95047,0.89989,0.8436,0.7825300000000001,0.7175699999999999,0.64955,0.58094,0.5160399999999999,0.45532,0.39907,0.34748,0.30071,0.25886,0.22196999999999997,0.19007000000000002,0.16310999999999998,0.14104,0.12376,0.11117,0.10311,0.099439,0.099976,0.10454000000000001,0.11292,0.12494000000000001,0.14035999999999998,0.15685,0.17215999999999998,0.18629,0.19921,0.21091,0.22139,0.23066,0.23872,0.24559,0.25128,0.25582
kslowtab,1.2,5.8486,7.2754,6.9261,6.7587,6.9327,6.9885,6.8766,6.6699,6.4448,6.2443,6.0918,5.9651,5.7275,5.4015,5.0288,4.6445,4.276,3.8959,3.4926,3.0894,2.7047,2.3527,2.0433,1.7831,1.5711,1.3868,1.2294,1.1008,1.0014,0.9309999999999999,0.8886700000000001,0.8728899999999999,0.88177,0.91314,0.96444,1.014,1.0492,1.0705,1.0787,1.0745,1.0589,1.0327,0.9970600000000001,0.9529200000000001,0.9013100000000001,0.84325,0.77972,0.71167,0.64,0.5674100000000001,0.49862,0.43415,0.37429,0.31927,0.26926,0.22436999999999999,0.18467,0.15017,0.12085,0.09665399999999999,0.07749,0.06324199999999999,0.053772,0.048919,0.048506,0.05234199999999999,0.060226,0.071947,0.087288,0.10385,0.11936,0.13377999999999998,0.14711,0.15932000000000002,0.1704,0.18035,0.18918,0.1969,0.20351,0.20903000000000002
kslowtab,1.5,5.0961,7.2862,7.273,7.0565,6.9831,6.876,6.7391,6.6026,6.4434,6.2858,6.1516,6.0259,5.7958,5.4849,5.1323,4.7709,4.426,4.0629,3.6658,3.2589,2.8622,2.4913,2.1576,1.8692,1.6273,1.4165,1.2371,1.091,0.9787899999999999,0.90012,0.8538,0.83806,0.8506600000000001,0.88908,0.95032,1.0105,1.0556,1.0862,1.1027,1.1059,1.0967,1.0759999999999998,1.0449,1.0043,0.9553,0.89894,0.8362200000000001,0.7681600000000001,0.6956899999999999,0.6217699999999999,0.5516300000000001,0.48578999999999994,0.42458,0.36824,0.31692,0.27076999999999996,0.22985,0.19418,0.16374,0.13849,0.11832999999999999,0.10315999999999999,0.092835,0.087197,0.08607100000000001,0.089268,0.096586,0.10780999999999999,0.12272999999999999,0.13888,0.15391,0.16781,0.18055,0.19213,0.20255,0.2118,0.2199,0.22685,0.23267,0.23738
kslowtab,2.0,6.1047,6.7868,6.61,6.6725,6.9363,6.9366,6.6777,6.3152,6.0817,6.0069,6.0681,6.1859,6.127000000000001,5.9,5.5516,5.1266,4.6648,4.1813,3.6925,3.2237,2.7939,2.4166,2.1007,1.8506,1.6616,1.5007,1.3652,1.2563,1.1743,1.1187,1.0885,1.0821,1.0976,1.1331,1.1861,1.2365,1.2727,1.2953,1.3048,1.3019999999999998,1.2879,1.2632,1.2292,1.1866,1.1365,1.08,1.018,0.95137,0.88108,0.80947,0.74058,0.67496,0.61297,0.5549,0.501,0.45145,0.40638,0.36588000000000004,0.33000999999999997,0.29877,0.27214,0.25006,0.23246999999999998,0.21925999999999998,0.2103,0.20546999999999999,0.20461,0.20755,0.21413000000000001,0.22202,0.22901999999999997,0.23513,0.24035,0.24470999999999998,0.24821999999999997,0.25088,0.25274,0.2538,0.2541,0.25365
kslowtab,3,7.079,7.1284,6.4374,6.6968,7.5433,7.8446,7.5207,6.8631,6.3422,6.0516,5.9843,6.055,5.9995,5.8147,5.5373,5.2025,4.8409,4.4476,4.026,3.6011,3.1927,2.8163,2.4827,2.1994,1.9666,1.766,1.5974,1.4623,1.361,1.2929,1.2565,1.25,1.271,1.3169,1.3845,1.4488,1.4949,1.5237,1.5357,1.5322,1.5141,1.4826,1.4391,1.3847,1.3209,1.2487,1.1696,1.0846,0.9949,0.90386,0.81728,0.73583,0.65989,0.58977,0.52571,0.46787,0.41634,0.37118,0.33237,0.29986999999999997,0.27357,0.25335,0.23906,0.23051,0.22749,0.22978,0.23714000000000002,0.24931,0.26605,0.28422,0.30084,0.31590999999999997,0.32941,0.34136,0.35176999999999997,0.36064,0.368,0.37388000000000005,0.37831,0.38133
kA,0.01,6.001,5.8921,6.3585,6.8347,7.0783,7.0179,6.7447,6.3928,6.121,5.9666,5.9270000000000005,5.9285,5.7032,5.2777,4.7205,4.0936,3.4494,2.8463,2.3239,1.8980000000000001,1.5763,1.36,1.2454,1.2255,1.2778,1.3264,1.3605,1.3806,1.3873,1.3819,1.3655,1.3393,1.3048,1.2632,1.2158,1.1638,1.1084,1.0506,0.99145,0.93186,0.8726700000000001,0.8146,0.7582800000000001,0.70426,0.65299,0.6048600000000001,0.56018,0.51917,0.48202,0.4478,0.41431999999999997,0.38176,0.35033000000000003,0.32021,0.29157,0.26454,0.23923000000000003,0.21574000000000002,0.19413,0.17445,0.15673,0.14099,0.12724000000000002,0.11545,0.10561,0.097692,0.09164800000000001,0.087431,0.08498700000000001,0.08335,0.081605,0.079764,0.077839,0.07584199999999999,0.073783,0.071674,0.069524,0.067344,0.06514199999999999,0.062929
kA,0.05,4.7735,6.2032,7.0876,7.1937,6.7902,6.4345,6.2738,6.2685,6.2479,6.199,6.1348,6.0253,5.7014,5.2059,4.6085,3.9695,3.338,2.7564,2.2534,1.8442,1.536,1.3298,1.222,1.2055,1.2589,1.3087,1.3447,1.3671,1.3766,1.3742,1.361,1.3382,1.307,1.2687,1.2246,1.1755,1.1225,1.0665,1.0088,0.9500799999999999,0.8913200000000001,0.83325,0.77652,0.72172,0.66932,0.61975,0.57335,0.5303800000000001,0.49106000000000005,0.45457,0.419,0.38451,0.35133000000000003,0.31965,0.28963,0.26141,0.2351,0.21079,0.18853,0.16839,0.15037999999999999,0.13451,0.12078,0.10917,0.09965399999999999,0.09219,0.086728,0.083213,0.081579,0.080789,0.079854,0.07878500000000001,0.077593,0.076285,0.074874,0.07336799999999999,0.071777,0.07011,0.068377,0.066585
kA,0.2,7.8575,5.1531,6.0406,7.5512,8.548,8.5206,7.6971,6.5662,5.8615,5.667999999999999,5.9061,6.3588,6.4574,6.1911,5.6422,4.8957,4.0313,3.1998,2.5015,1.9543,1.5646,1.3302,1.2424,1.2881,1.4334,1.5681,1.6757,1.7558,1.8089,1.8363,1.8395,1.8206,1.7818,1.7253,1.6538,1.5762,1.4982,1.4212,1.3461,1.2739,1.2053,1.141,1.0814,1.0271,0.97815,0.9348700000000001,0.89733,0.8655700000000001,0.83955,0.81663,0.7912100000000001,0.76344,0.7336699999999999,0.70225,0.6695,0.63572,0.60121,0.56624,0.5310600000000001,0.49591,0.46101000000000003,0.42656000000000005,0.39274000000000003,0.3597,0.32761,0.29659,0.26675,0.2382,0.21101999999999999,0.18495999999999999,0.15977,0.13552,0.11229000000000001,0.090139,0.069114,0.049260000000000005,0.030612,0.013196000000000001,-0.002966,-0.01786
kA,0.5,5.3126,5.9317,7.1437,7.8604,7.9011,7.4754,6.8421,6.2327,5.903,5.8655,6.0644,6.3588,6.372000000000001,6.1089,5.6367,5.0234,4.3312,3.6454,3.0261,2.496,2.0682,1.7488,1.5378,1.4308,1.4080000000000001,1.3973,1.3886,1.3818,1.3769999999999998,1.3741,1.3731,1.3737,1.3758,1.3793,1.3839,1.3822,1.3703,1.349,1.3194,1.2825,1.2393,1.1906,1.1376,1.0809,1.0216,0.9604600000000001,0.8981299999999999,0.83534,0.77271,0.71107,0.6515,0.59439,0.5401,0.48889,0.441,0.39661,0.35585,0.31885,0.28564,0.25628,0.23076,0.20906,0.19113,0.1769,0.1663,0.15921,0.15554,0.15514,0.15789,0.16188,0.16530999999999998,0.16818,0.1705,0.17229,0.17355,0.1743,0.17457,0.17435,0.17368,0.17257
kA,0.8,6.7441,6.2589,6.0986,6.6844,7.499,7.6818,7.2462,6.5162,6.0094,5.803999999999999,5.8658,6.0719,6.0795,5.8839,5.5348,5.0822,4.5719,4.0408,3.5195,3.0329,2.5991,2.2301,1.933,1.7106,1.5544,1.4223,1.3098,1.218,1.1474,1.0978,1.0683,1.058,1.0655,1.0891,1.1269,1.1615,1.1827,1.1911,1.1876,1.173,1.1483,1.1144,1.0724,1.0232,0.9679700000000001,0.90753,0.84285,0.77482,0.70429,0.63346,0.56611,0.50275,0.44366000000000005,0.38911,0.33925,0.29423,0.25411999999999996,0.21895,0.18871,0.16338,0.14288,0.1271,0.11592000000000001,0.10920999999999999,0.1068,0.10852,0.11419000000000001,0.1236,0.13656,0.15070999999999998,0.16382,0.17587,0.18685,0.19675,0.20558,0.21334,0.22004,0.22569,0.23031999999999997,0.23393000000000003
kA,1,5.8947,6.7717,6.5421,6.6543,7.0425,7.1185,6.8659,6.4509,6.1,5.8721,5.7737,5.7514,5.607,5.351,5.023,4.6588,4.2879,3.8993,3.4917,3.088,2.7064,2.3603,2.0592,1.8090000000000002,1.6079,1.4324,1.2813,1.1566,1.0588,0.98793,0.9432,0.9233100000000001,0.9266,0.95114,0.9945799999999999,1.0365,1.0651,1.0808,1.0844,1.0767,1.0585,1.0307,0.99441,0.95047,0.89989,0.8436,0.7825300000000001,0.7175699999999999,0.64955,0.58094,0.5160399999999999,0.45532,0.39907,0.34748,0.30071,0.25886,0.22196999999999997,0.19007000000000002,0.16310999999999998,0.14104,0.12376,0.11117,0.10311,0.099439,0.099976,0.10454000000000001,0.11292,0.12494000000000001,0.14035999999999998,0.15685,0.17215999999999998,0.18629,0.19921,0.21091,0.22139,0.23066,0.23872,0.24559,0.25128,0.25582
kA,1.2,6.9541,6.7088,6.0757,6.2875,7.0038,7.2697,7.0126,6.4789,6.0884,5.91,5.9245,6.0425,6.0009,5.8008,5.4852,5.0956,4.6689,4.218999999999999,3.7613,3.3199,2.9130000000000003,2.5537,2.2506,2.0085,1.8231,1.6644,1.5301,1.4214,1.3387,1.2817,1.2493,1.2402,1.2526,1.2846,1.3337,1.3799,1.4116,1.4294,1.4339,1.4261,1.4069,1.3772,1.3382,1.2908,1.2362,1.1753,1.1092,1.0388,0.96505,0.89028,0.8185,0.75029,0.6859999999999999,0.62595,0.5703600000000001,0.51942,0.47325,0.43195,0.39554,0.36404000000000003,0.3374,0.31556999999999996,0.29844,0.28592,0.27787,0.27412,0.27453,0.27891,0.28707,0.2965,0.30478,0.31194,0.31798000000000004,0.32292,0.32678,0.32959,0.33138,0.33216999999999997,0.332,0.33091
kA,1.5,4.3199,7.2432,7.3526,7.0364,6.8067,6.5844,6.4004,6.2711,6.1232,5.9727,5.8415,5.7226,5.5372,5.3027,5.0467,4.7916,4.5542,4.2856,3.9609,3.6037,3.2344,2.8701,2.5245,2.2079,1.9269999999999998,1.6819,1.4756,1.3099,1.1853,1.1009,1.0552,1.0459,1.07,1.1245,1.2056,1.2848,1.3454,1.3877,1.4125,1.4206,1.4131,1.3911,1.3558,1.3084,1.2503,1.1827,1.1069,1.0242,0.9355700000000001,0.84504,0.75941,0.67933,0.60517,0.5372100000000001,0.47563,0.42057,0.37209000000000003,0.3302,0.29486,0.26599,0.24345999999999998,0.22712,0.21677,0.21222,0.21323000000000003,0.21955999999999998,0.23093000000000002,0.2471,0.26776,0.28972,0.30995,0.3284,0.34509,0.35999000000000003,0.37312,0.3845,0.39414,0.40206,0.40831999999999996,0.41293
kA,2.0,5.1215,6.4239999999999995,6.1429,6.09,6.3488,6.4262,6.2819,6.015,5.7438,5.5192,5.3633,5.2634,5.1353,4.9848,4.8281,4.678,4.5432,4.3748,4.1469,3.8786,3.5873,3.2880000000000003,2.9934,2.7135,2.4549,2.2162,2.0015,1.8143,1.6568,1.53,1.4342,1.3687,1.3322,1.3233,1.3395,1.3595,1.3709,1.374,1.3694,1.3578,1.3396,1.3157,1.2867,1.2532,1.2159,1.1755,1.1324,1.0874,1.0409,0.99369,0.94668,0.9002600000000001,0.8548,0.8105899999999999,0.76791,0.727,0.68805,0.65123,0.6167,0.5845600000000001,0.5549,0.52778,0.50325,0.48133000000000004,0.46203,0.44533999999999996,0.43123,0.41966000000000003,0.41058999999999996,0.40247,0.39383,0.38475,0.37527,0.36546,0.35536,0.34502,0.33451,0.32386,0.31312,0.30234
kA,3,4.6463,6.7268,6.8107,6.4471,6.0965,5.8322,5.6942,5.6511,5.5307,5.3473,5.1399,4.9357,4.7437,4.5779,4.4481,4.3581,4.308,4.2365,4.1083,3.9371,3.7361,3.5173,3.2914,3.0673,2.8509,2.641,2.4419,2.258,2.0926,1.9479,1.8255,1.7259,1.6494,1.5954,1.5631,1.5383,1.5128,1.4869999999999999,1.4614,1.4362,1.4119,1.3886,1.3666,1.3459999999999999,1.327,1.3096,1.2941,1.2803,1.2684,1.2564,1.24,1.2193,1.195,1.1672,1.1364,1.103,1.0673,1.0298,0.99066,0.95031,0.9090299999999999,0.8671200000000001,0.82486,0.78249,0.74026,0.69839,0.6570699999999999,0.61649,0.5768300000000001,0.53797,0.49982,0.4625,0.42617,0.39092,0.35688000000000003,0.32411999999999996,0.29274,0.2628,0.23437,0.20749
lcafixed,0.01,4.5752,8.3201,9.6317,9.731,9.2034,8.6437,8.2706,8.0855,7.8888,7.6875,7.511,7.3538,7.1256,6.8466,6.5484,6.2563,5.9887,5.6949,5.3486,4.9742,4.5923,4.2199,3.8705,3.5543,3.2728,3.0035,2.7491,2.5149,2.3051,2.1225,1.9688,1.8448,1.7505,1.6853,1.6478,1.6167,1.5797,1.5377,1.4917,1.4427,1.3915,1.3389,1.2856,1.2323,1.1796,1.1281,1.0781,1.0301,0.9843799999999999,0.9404399999999999,0.89666,0.8533299999999999,0.8107800000000001,0.76931,0.72917,0.6906,0.65378,0.6188899999999999,0.58606,0.5554100000000001,0.52703,0.50097,0.47728999999999994,0.45602,0.43717,0.42073,0.40669,0.39501,0.38565,0.37721,0.36832,0.35906,0.34947,0.33960999999999997,0.32953000000000005,0.31928,0.30891,0.29846,0.28798,0.27749
lcafixed,0.05,5.8172,8.3788,9.4874,9.9097,9.8362,9.4346,8.9112,8.4152,8.008,7.7326,7.6003,7.5601,7.4177,7.1805,6.8839,6.5592,6.2322,5.8751,5.4769,5.0629,4.6542,4.2674,3.915,3.6061,3.3395,3.0837,2.8399,2.6135,2.4088,2.2286,2.0748,1.9485,1.85,1.7787,1.7337,1.6947,1.6503,1.6014,1.5492,1.4945,1.4383,1.3815,1.3246,1.2685,1.2136,1.1605,1.1096,1.0614,1.016,0.9727299999999999,0.9295100000000001,0.8866299999999999,0.84441,0.80315,0.76312,0.72454,0.68763,0.65254,0.61943,0.58841,0.55958,0.5330199999999999,0.50877,0.48686,0.46733,0.45016000000000006,0.43535,0.42286999999999997,0.41268,0.40338,0.39361999999999997,0.38347,0.37299,0.36223,0.35126,0.34012,0.32886,0.31753000000000003,0.30619,0.29486
lcafixed,0.2,5.6639,10.023,10.469000000000001,9.954,9.3543,8.9929,8.9244,9.0274,8.9317,8.6522,8.2669,7.8396,7.4054,7.0041,6.6636,6.3999,6.2188,6.0164,5.7322,5.3911,5.0158,4.6263,4.2393,3.8686,3.5226,3.1971,2.8979,2.6305,2.3989,2.2052,2.0506,1.9349,1.8574,1.8162,1.8091,1.8081,1.7971,1.7769,1.7486,1.7131,1.6713,1.6243,1.5728,1.5178,1.4602,1.4007,1.34,1.2788,1.2177,1.157,1.0968,1.0374,0.97936,0.92301,0.8687,0.8167300000000001,0.76735,0.72077,0.6771699999999999,0.63669,0.59942,0.5654600000000001,0.53484,0.50759,0.48372,0.4632,0.446,0.43206000000000006,0.42132,0.41189,0.402,0.3917,0.38106,0.37013,0.35898,0.34765,0.3362,0.32466999999999996,0.31312,0.30159
lcafixed,0.5,6.4548,8.0062,7.9501,8.1627,8.6177,8.7363,8.502,8.078,7.6729,7.361000000000001,7.1669,7.0533,6.8412,6.5445,6.2019,5.8461,5.5027,5.1408,4.7467,4.3444,3.9534,3.5888,3.262,2.9804,2.7442,2.5323,2.3448,2.1846,2.0533,1.9513,1.8783,1.8335,1.8153,1.8219999999999998,1.8513,1.8775,1.8863,1.8787,1.8559999999999999,1.8196,1.7709,1.7113,1.6422,1.5652,1.4814,1.3923,1.2991,1.2029,1.1048,1.0071,0.9132899999999999,0.82411,0.7400100000000001,0.66141,0.58859,0.52182,0.46126000000000006,0.40702,0.35916,0.31767,0.28253,0.25365,0.23091,0.21416999999999997,0.20326,0.19798,0.19810999999999998,0.20344,0.21370999999999998,0.22582,0.23681999999999997,0.24670999999999998,0.25548000000000004,0.26314,0.2697,0.27518000000000004,0.27959,0.28296,0.28531999999999996,0.28668000000000005
lcafixed,0.8,5.7946,7.9827,8.1342,7.9363,7.7639,7.6066,7.4906,7.4168,7.3107,7.1855,7.063,6.9279,6.6593,6.2878,5.8612,5.42,4.9956,4.5634,4.1135,3.6708,3.2548,2.8798,2.5559,2.2891,2.076,1.8853,1.7158,1.5699,1.4493,1.3544,1.2852,1.2409,1.2204,1.2221,1.2441,1.2661,1.2766,1.2762,1.2658,1.2461,1.2181,1.1827,1.1407,1.0932,1.0409,0.98475,0.92553,0.8640000000000001,0.80088,0.73763,0.6765800000000001,0.61819,0.5627800000000001,0.51064,0.46198999999999996,0.41702,0.37585,0.33859,0.3053,0.276,0.25068,0.22930999999999999,0.21185,0.19821,0.1883,0.18200999999999998,0.17922000000000002,0.1798,0.1836,0.18862,0.19297,0.19665,0.19967000000000001,0.20205,0.20379,0.20492,0.20546,0.20542,0.20481999999999997,0.2037
lcafixed,1,5.8947,6.7717,6.5421,6.6543,7.0425,7.1185,6.8659,6.4509,6.1,5.8721,5.7737,5.7514,5.607,5.351,5.023,4.6588,4.2879,3.8993,3.4917,3.088,2.7064,2.3603,2.0592,1.8090000000000002,1.6079,1.4324,1.2813,1.1566,1.0588,0.98793,0.9432,0.9233100000000001,0.9266,0.95114,0.9945799999999999,1.0365,1.0651,1.0808,1.0844,1.0767,1.0585,1.0307,0.99441,0.95047,0.89989,0.8436,0.7825300000000001,0.7175699999999999,0.64955,0.58094,0.5160399999999999,0.45532,0.39907,0.34748,0.30071,0.25886,0.22196999999999997,0.19007000000000002,0.16310999999999998,0.14104,0.12376,0.11117,0.10311,0.099439,0.099976,0.10454000000000001,0.11292,0.12494000000000001,0.14035999999999998,0.15685,0.17215999999999998,0.18629,0.19921,0.21091,0.22139,0.23066,0.23872,0.24559,0.25128,0.25582
lcafixed,1.2,2.6813,1.7338,1.0317,0.87311,1.0962,1.171,1.0419,0.81481,0.6701199999999999,0.62973,0.67752,0.77307,0.81686,0.80323,0.7427600000000001,0.64725,0.5283800000000001,0.40792,0.30088000000000004,0.2109,0.14001,0.088922,0.057369,0.044331,0.046569,0.053583000000000006,0.063412,0.075518,0.089378,0.1045,0.12044,0.13677999999999998,0.15317,0.16929,0.18484,0.19797,0.20761999999999997,0.2139,0.21695,0.21696,0.21413000000000001,0.2087,0.20088,0.19094,0.1791,0.16562000000000002,0.15073,0.13465,0.11762,0.10036,0.08415700000000001,0.06913899999999999,0.055363,0.042873,0.031697,0.02185,0.013335,0.0061467,0.00026753,-0.004326699999999999,-0.0076673999999999996,-0.009792499999999999,-0.010745000000000001,-0.010570999999999999,-0.0093214,-0.0070503,-0.0038126999999999996,0.00033403,0.0053318,0.010598,0.015580000000000002,0.020266,0.024648,0.028719,0.032474,0.035908999999999996,0.039022,0.041815,0.044287,0.046442000000000004
lcafixed,1.5,1.3382,1.3197,0.93789,0.75765,0.80086,0.78176,0.67733,0.53777,0.41557,0.32945,0.28403,0.27168000000000003,0.26347,0.25627,0.25054,0.24645999999999998,0.24405,0.24086,0.23545,0.22838000000000003,0.22018000000000001,0.21133000000000002,0.20226,0.19330999999999998,0.18523,0.18055,0.17942,0.18153,0.18650999999999998,0.19399,0.20357999999999998,0.2149,0.22758,0.24126,0.25559,0.26737,0.27482,0.27813000000000004,0.27756,0.27337,0.26588,0.25539,0.24223000000000003,0.22673000000000001,0.2092,0.18995,0.16929,0.14749,0.12484,0.10232000000000001,0.081712,0.06314299999999999,0.046658,0.032276,0.019997,0.0098065,0.0016710999999999998,-0.004454,-0.008625399999999998,-0.010909,-0.011379,-0.010117000000000001,-0.0072074,-0.0027416,0.0031874000000000004,0.010484,0.019053,0.028796,0.039617,0.050623,0.060971000000000004,0.070641,0.07961499999999999,0.087883,0.095438,0.10228,0.1084,0.1138,0.1185,0.12249000000000002
lcafixed,2.0,1.2138,1.0715,0.8208799999999999,0.62871,0.54943,0.49443000000000004,0.45369,0.42908999999999997,0.40135,0.37281,0.34765,0.32958000000000004,0.32524000000000003,0.33346,0.35147,0.37642,0.40556,0.43167,0.45016999999999996,0.46113000000000004,0.46498,0.4624,0.45421999999999996,0.44137,0.42494,0.40671,0.38753000000000004,0.368,0.34865,0.32994,0.31222,0.29579,0.28087,0.26761999999999997,0.25616,0.24716999999999997,0.24100000000000002,0.23754,0.23665,0.23815,0.24188,0.24763000000000002,0.2552,0.26438,0.27498,0.2868,0.29963,0.3133,0.32761999999999997,0.3414,0.35228000000000004,0.36025999999999997,0.36541999999999997,0.36787,0.36772,0.36513,0.36021,0.35313,0.34403,0.33308000000000004,0.32041,0.30619,0.29058,0.27371999999999996,0.25576,0.23684000000000002,0.21711,0.1967,0.17574,0.15486,0.13465,0.1152,0.096541,0.078735,0.06182000000000001,0.045831000000000004,0.030797,0.016742,0.0036817,-0.0083711
lcafixed,3,3.0346,2.8810000000000002,1.9675,1.462,1.4757,1.5436,1.5617,1.5352,1.4614,1.3604,1.2522,1.1525,1.0759999999999998,1.0267,1.0041,1.0057,1.0279,1.0542,1.0739,1.0868,1.0931,1.0935,1.0885,1.0789,1.065,1.0446,1.0184,0.98782,0.95395,0.91791,0.8807200000000001,0.84326,0.8063100000000001,0.77052,0.73641,0.70103,0.66297,0.623,0.58185,0.5401699999999999,0.49854,0.45751000000000003,0.41753,0.37899,0.34224,0.30756,0.27518000000000004,0.24529,0.21803000000000003,0.19302,0.16929,0.14694000000000002,0.12608,0.10679000000000001,0.089144,0.073183,0.058937,0.046419999999999996,0.035631,0.026557,0.019175,0.013451,0.009343,0.0068023,0.005773899999999999,0.0061975,0.0080087,0.01114,0.015521,0.020363,0.024919999999999998,0.029182999999999997,0.033144,0.036797,0.040141,0.043172,0.045891,0.048298,0.050395999999999996,0.052188
kca3,0.01,4.3679,7.4698,9.6476,9.9025,8.856,7.9092,7.4493,7.3798,7.2286,6.9816,6.6936,6.3675,5.8575,5.2189,4.5262,3.8394,3.2038,2.6487,2.1925,1.8452,1.6094,1.4817,1.4547,1.5183,1.6466,1.7556,1.8334,1.881,1.8998,1.8921,1.8604,1.8073,1.7358,1.6487,1.5489,1.4469999999999998,1.3499,1.2586,1.1742,1.0973,1.0284,0.96786,0.9159,0.87256,0.83778,0.8114100000000001,0.79322,0.78292,0.78013,0.78138,0.77968,0.7749699999999999,0.76744,0.7573,0.7447600000000001,0.7300300000000001,0.71334,0.69488,0.67488,0.65352,0.63102,0.60754,0.58329,0.55843,0.5331100000000001,0.50751,0.48176,0.45601,0.43036,0.40495,0.37988,0.35525,0.33114,0.30765,0.28484,0.26278,0.24153000000000002,0.22115,0.20168,0.18315
kca3,0.05,4.7073,7.3806,9.3086,9.4307,8.3599,7.4333,7.0105,6.9875,6.9093,6.7478,6.5432,6.2876,5.8251,5.21,4.5187,3.8146,3.1469,2.5606,2.0838,1.7265,1.4902,1.3704,1.3586,1.4432,1.5961,1.7280000000000002,1.8259999999999998,1.8905,1.9231,1.9258,1.9014,1.8525,1.7822,1.6936,1.5897,1.4828,1.3802,1.2834,1.1933,1.1107,1.0362,0.9702200000000001,0.9129700000000001,0.8645799999999999,0.82504,0.79423,0.77195,0.7579100000000001,0.7517699999999999,0.74997,0.7454,0.73797,0.72792,0.71545,0.7007800000000001,0.68414,0.66573,0.64578,0.62449,0.60206,0.5786899999999999,0.55455,0.52983,0.50469,0.47928000000000004,0.45377,0.42827,0.40293,0.37785,0.35312,0.32882,0.30503,0.28183,0.25931,0.23754,0.21656999999999998,0.19645,0.17723,0.15896,0.14167000000000002
kca3,0.2,4.6886,6.6323,9.2337,9.8261,8.7771,7.6729,7.0083,6.7754,6.6663,6.6345,6.6685,6.6866,6.3897,5.8214,5.0735,4.23,3.3618,2.5817,1.9618,1.5124,1.2331,1.1155,1.1455,1.3059,1.5571,1.7773,1.9480000000000002,2.0692,2.1426,2.1706,2.1567,2.1047,2.0188,1.9034,1.7631,1.6165,1.4754,1.3415,1.2162,1.1009,0.99616,0.9027700000000001,0.82109,0.75133,0.69352,0.64755,0.6131800000000001,0.59007,0.5777899999999999,0.57199,0.56394,0.55353,0.54097,0.52647,0.51025,0.4925,0.47343,0.45324,0.43212,0.41023000000000004,0.38777,0.36489,0.34173000000000003,0.31845999999999997,0.29519,0.27205,0.24916999999999997,0.22663000000000003,0.20455,0.18302000000000002,0.16214,0.14197,0.12259,0.10403,0.086349,0.06958400000000001,0.053765,0.038919999999999996,0.025068,0.012225
kca3,0.5,4.9862,6.3943,7.25,7.4015,7.0706,6.696000000000001,6.4373,6.3014,6.1659,6.0355,5.9277,5.809,5.4983,5.0325,4.476,3.8845,3.3028,2.766,2.2986,1.9151,1.6227,1.4229,1.3129,1.2868,1.3251,1.3612,1.3855,1.3987,1.4014,1.3944,1.3789,1.3558,1.3262,1.2913,1.2521,1.2087,1.1615,1.1117,1.0601,1.0075,0.9547200000000001,0.9024700000000001,0.8513299999999999,0.80182,0.7544,0.70944,0.66725,0.6281,0.59217,0.55874,0.5260100000000001,0.49416000000000004,0.4634,0.43392,0.40587,0.3794,0.35459,0.33155999999999997,0.31035,0.29103,0.27363000000000004,0.25815,0.24461,0.23299,0.22328,0.21543,0.20943,0.2052,0.20271,0.20088,0.19868,0.19615,0.19329000000000002,0.19015,0.18673,0.18308,0.17920999999999998,0.17513,0.17089000000000001,0.1665
kca3,0.8,5.747999999999999,5.7323,6.2548,7.0214,7.5958,7.5595,7.0346,6.3211,5.8505,5.6821,5.7765,6.0035,6.0012,5.7687,5.3633,4.8423,4.2576,3.6667,3.112,2.6167,2.1963,1.8597,1.6103,1.4475,1.3581,1.2883,1.2309,1.1864,1.1546,1.1352,1.1275,1.1307,1.1438,1.1658,1.1954,1.2196,1.2311,1.2307,1.2192,1.1975,1.1666,1.1275,1.0813,1.0289,0.9712200000000001,0.9093100000000001,0.8440200000000001,0.7761899999999999,0.7066100000000001,0.63723,0.57135,0.50943,0.45175,0.39855999999999997,0.35001,0.30624,0.26732,0.23326999999999998,0.20407999999999998,0.17972,0.1601,0.14513,0.13468,0.12862,0.12677,0.12897,0.13502999999999998,0.14477,0.15797,0.17229,0.18552000000000002,0.19763,0.20861999999999997,0.21848,0.22721999999999998,0.23483,0.24135,0.24677,0.25111999999999995,0.25443000000000005
kca3,1,5.8947,6.7717,6.5421,6.6543,7.0425,7.1185,6.8659,6.4509,6.1,5.8721,5.7737,5.7514,5.607,5.351,5.023,4.6588,4.2879,3.8993,3.4917,3.088,2.7064,2.3603,2.0592,1.8090000000000002,1.6079,1.4324,1.2813,1.1566,1.0588,0.98793,0.9432,0.9233100000000001,0.9266,0.95114,0.9945799999999999,1.0365,1.0651,1.0808,1.0844,1.0767,1.0585,1.0307,0.99441,0.95047,0.89989,0.8436,0.7825300000000001,0.7175699999999999,0.64955,0.58094,0.5160399999999999,0.45532,0.39907,0.34748,0.30071,0.25886,0.22196999999999997,0.19007000000000002,0.16310999999999998,0.14104,0.12376,0.11117,0.10311,0.099439,0.099976,0.10454000000000001,0.11292,0.12494000000000001,0.14035999999999998,0.15685,0.17215999999999998,0.18629,0.19921,0.21091,0.22139,0.23066,0.23872,0.24559,0.25128,0.25582
kca3,1.2,6.7055,6.7089,5.7524,5.9499,6.9231,7.4117,7.2591,6.716,6.2214,5.8811,5.7109,5.6609,5.5402,5.3499,5.1172,4.8662,4.6160000000000005,4.3332,4.0025,3.6469,3.2857,2.9348,2.6069,2.3111,2.0522,1.8245,1.6302,1.4714,1.3487,1.2619,1.2097,1.1904,1.2014,1.2403,1.3038,1.3659999999999999,1.4118,1.4416,1.4563,1.4566,1.4435,1.4180000000000001,1.3814,1.3346,1.2790000000000001,1.2155,1.1454,1.0697,0.9894200000000001,0.90754,0.8290200000000001,0.7545,0.68438,0.61898,0.5585399999999999,0.50327,0.45328999999999997,0.40869,0.3695,0.33573000000000003,0.30732,0.2842,0.26627,0.25339,0.24541,0.24216999999999997,0.24348000000000003,0.24913000000000002,0.25892,0.27013000000000004,0.28018000000000004,0.28906,0.29678000000000004,0.30335,0.3088,0.31314000000000003,0.31639,0.31858000000000003,0.31975,0.31993
kca3,1.5,4.0715,6.9713,7.3228,7.0354,6.6633,6.397,6.2901,6.3005,6.2678,6.1881,6.0824,5.9571,5.7752,5.5565,5.3253,5.1009,4.8969,4.6595,4.3605,4.0229,3.667,3.3101,2.9661,2.6462,2.3563,2.0918,1.8562,1.6531,1.4847,1.3519999999999999,1.2546,1.1918,1.1618,1.1627,1.1916,1.225,1.249,1.2639,1.2702,1.2684,1.2590000000000001,1.2427,1.2201,1.1919,1.1588,1.1214,1.0803,1.0362,0.98962,0.94185,0.8947700000000001,0.8488,0.80425,0.7614,0.72048,0.68171,0.6452399999999999,0.61122,0.57975,0.55091,0.52476,0.50133,0.48063999999999996,0.46269,0.44743999999999995,0.43486,0.42491999999999996,0.41753,0.41263999999999995,0.40859,0.40381,0.39836,0.39229,0.38564,0.37846,0.37081,0.36273,0.35427,0.34548,0.33639
kca3,2.0,6.7288,6.7484,6.0499,6.0899,6.6653,6.9474,6.8338,6.477,6.1179,5.8328,5.6466,5.5405,5.4085,5.2541,5.0939,4.9407,4.8035,4.6405,4.4294,4.1872,3.9288,3.6671,3.4127,3.1739,2.9541,2.7425,2.5423,2.3578,2.1923,2.0479,1.926,1.8275,1.7521,1.6996,1.6689,1.6445,1.6176,1.5888,1.5586,1.5275,1.496,1.4645,1.4335,1.4032,1.3739,1.3459999999999999,1.3195,1.2947,1.2717,1.2488,1.222,1.1917,1.1583,1.1222,1.0839,1.0437,1.002,0.9591299999999999,0.9155,0.87139,0.8271200000000001,0.78294,0.73911,0.69587,0.65342,0.61197,0.5716899999999999,0.53272,0.4952,0.45879,0.42313,0.38836,0.35461,0.32195999999999997,0.29052,0.26037,0.23158,0.20421,0.17832,0.15394000000000002
kca3,3,3.9160000000000004,7.2794,8.2436,7.7326,6.6534,6.0255,6.0054,6.3629,6.5508,6.5196,6.3193,6.0167,5.7046,5.4194,5.1806,4.9988,4.8773,4.7604,4.6141,4.4497,4.277,4.1043,3.9383,3.7842,3.6398,3.4760000000000004,3.295,3.1032,2.9065,2.7102,2.5185,2.3352,2.1633,2.005,1.8622,1.7308,1.609,1.4979,1.3984,1.3111,1.2363,1.1742,1.1246,1.0874,1.0621,1.0484,1.0456,1.0532,1.0705,1.0923,1.1081,1.1177,1.1215,1.1197,1.1126,1.1005,1.0837,1.0627,1.0378,1.0092,0.9773700000000001,0.9426399999999999,0.90533,0.86577,0.82429,0.78117,0.7367199999999999,0.69122,0.64494,0.59875,0.5534899999999999,0.50932,0.46638999999999997,0.42483999999999994,0.38479,0.34634000000000004,0.3096,0.27463000000000004,0.2415,0.21028000000000002
kfasttab,0.01,,,,,,,,,,,,,,,,,,,,,,,,,,,,,,,,,,,,,,,,,,,,,,,,,,,,,,,,,,,,,,,,,,,,,,,,,,,,,,,,
kfasttab,0.05,,,,,,,,,,,,,,,,,,,,,,,,,,,,,,,,,,,,,,,,,,,,,,,,,,,,,,,,,,,,,,,,,,,,,,,,,,,,,,,,
kfasttab,0.2,0.23768000000000003,1.179,1.2322,0.9499,0.6244,0.40865999999999997,0.33864,0.37656999999999996,0.40726,0.41527,0.40421,0.38427,0.38294,0.40021,0.4316,0.47255,0.51883,0.55328,0.5657800000000001,0.55853,0.53432,0.49618999999999996,0.44723,0.39039,0.32981,0.27494,0.22784000000000001,0.18905,0.15878,0.13698,0.1234,0.11762,0.11912,0.12728,0.14137,0.1567,0.17047,0.18256,0.19292,0.20153,0.2084,0.21355,0.21702,0.2189,0.21925,0.21816,0.21574000000000002,0.21208000000000002,0.2073,0.20185,0.19664,0.19172,0.1871,0.18283,0.1789,0.17532999999999999,0.17213,0.1693,0.16685,0.16476,0.16304000000000002,0.16168,0.16067,0.16,0.15966,0.15964,0.15993,0.1605,0.16135,0.16212000000000001,0.16247999999999999,0.16246,0.16205999999999998,0.1613,0.1602,0.15877,0.15704,0.15500999999999998,0.15272,0.15018
kfasttab,0.5,1.6989,2.0584,1.7293,1.2830000000000001,0.9781700000000001,0.8155,0.7862399999999999,0.8442,0.86498,0.83996,0.7822600000000001,0.7055,0.6222,0.5414399999999999,0.46953999999999996,0.41048,0.36628,0.32852,0.29191,0.25814000000000004,0.22841,0.2035,0.18384,0.16954,0.15972999999999998,0.15015,0.14047,0.13096,0.12184,0.1133,0.10547999999999999,0.098487,0.092387,0.087227,0.08301900000000001,0.079404,0.076172,0.073344,0.070935,0.068948,0.06738,0.066225,0.065469,0.065095,0.065084,0.065414,0.066061,0.067,0.06820599999999999,0.069387,0.069957,0.069925,0.069323,0.068185,0.06654700000000001,0.064447,0.061924,0.059015,0.05575700000000001,0.05219,0.048349,0.04427,0.039987,0.035536,0.030945999999999998,0.026249,0.021474,0.016648,0.011797,0.0070466999999999995,0.0025151,-0.001786,-0.0058468,-0.009659399999999999,-0.013217,-0.016515000000000002,-0.019551,-0.022321,-0.024825999999999997,-0.027066000000000003
kfasttab,0.8,6.1926,5.1893,5.4333,6.0576,6.5675,6.5645,6.1379,5.5469,5.1894,5.1076,5.2555,5.5026,5.4907,5.225,4.7693,4.1873,3.5369,2.9016,2.3394,1.869,1.5007,1.238,1.0789,1.0177,1.0342,1.0578,1.0781,1.0949,1.1081,1.1176,1.1237,1.1264,1.126,1.1228,1.1169,1.1059,1.0886,1.0657,1.038,1.0061,0.9708200000000001,0.93276,0.89261,0.8509399999999999,0.80833,0.7652899999999999,0.72229,0.67974,0.63802,0.59731,0.55753,0.5189600000000001,0.48184,0.4464,0.41281,0.38124,0.35179,0.32458000000000004,0.29967,0.27710999999999997,0.25693,0.23915,0.22376,0.21075,0.20007,0.19168,0.18553,0.18156,0.1797,0.17867,0.1773,0.17559,0.17356,0.17124,0.16865,0.16580999999999999,0.16274,0.15947,0.156,0.15236
kfasttab,1,5.8947,6.7717,6.5421,6.6543,7.0425,7.1185,6.8659,6.4509,6.1,5.8721,5.7737,5.7514,5.607,5.351,5.023,4.6588,4.2879,3.8993,3.4917,3.088,2.7064,2.3603,2.0592,1.8090000000000002,1.6079,1.4324,1.2813,1.1566,1.0588,0.98793,0.9432,0.9233100000000001,0.9266,0.95114,0.9945799999999999,1.0365,1.0651,1.0808,1.0844,1.0767,1.0585,1.0307,0.99441,0.95047,0.89989,0.8436,0.7825300000000001,0.7175699999999999,0.64955,0.58094,0.5160399999999999,0.45532,0.39907,0.34748,0.30071,0.25886,0.22196999999999997,0.19007000000000002,0.16310999999999998,0.14104,0.12376,0.11117,0.10311,0.099439,0.099976,0.10454000000000001,0.11292,0.12494000000000001,0.14035999999999998,0.15685,0.17215999999999998,0.18629,0.19921,0.21091,0.22139,0.23066,0.23872,0.24559,0.25128,0.25582
kfasttab,1.2,6.6258,7.3509,6.8814,7.0167,7.6001,7.7749,7.4902,6.9688,6.5493,6.3044,6.2323,6.2646,6.1781,5.9752,5.692,5.3622,5.0145,4.6352,4.2225,3.8014,3.3924,3.0112,2.6696,2.3755,2.1301,1.9169999999999998,1.7363,1.5898,1.4782,1.4008,1.3565,1.3433,1.359,1.4009,1.4659,1.5279,1.5719,1.5985,1.6085,1.6030000000000002,1.5830000000000002,1.5499,1.5048,1.449,1.3839,1.3107,1.2306,1.1449,1.0546,0.96298,0.87531,0.79232,0.71443,0.64199,0.57527,0.51447,0.45971000000000006,0.41108999999999996,0.36863,0.33231,0.30206,0.27779,0.25938,0.24665,0.23944000000000001,0.23754,0.24073000000000003,0.24879,0.26145999999999997,0.27571,0.28862,0.3002,0.31045,0.31937,0.32698,0.3333,0.33835,0.34215999999999996,0.34476,0.34619
kfasttab,1.5,5.3936,8.4592,8.5025,8.184,8.0131,7.8111,7.6003,7.4139,7.1876,6.9537,6.7469,6.5727,6.3762,6.171,5.9756,5.8031,5.6613,5.4686,5.1807,4.8244,4.4245,4.0031,3.5792,3.1683,2.7824,2.4288,2.1141,1.8434,1.6192,1.4428,1.314,1.2314,1.1929,1.1955,1.2358,1.2826,1.3178,1.3418,1.3549,1.3577,1.351,1.3353,1.3115,1.2805,1.2429,1.1995,1.1513,1.0989,1.0431,0.9856799999999999,0.92994,0.8763,0.82509,0.77659,0.73102,0.68858,0.6494,0.61359,0.58123,0.55237,0.5270199999999999,0.50517,0.48678,0.47181999999999996,0.4602,0.45186000000000004,0.44668,0.44456999999999997,0.4454,0.4471,0.44771000000000005,0.44725,0.44578999999999996,0.44336000000000003,0.44001,0.43578,0.43073999999999996,0.42491999999999996,0.41838000000000003,0.41117
kfasttab,2.0,5.7011,6.914,6.9545,7.1689,7.5152,7.5183,7.2038,6.7513,6.3956,6.1905,6.1334,6.171,6.1364,6.0263,5.8624,5.6653,5.4528,5.1959,4.8825,4.5357,4.1757,3.8193,3.4799,3.1679,2.8874,2.6261,2.3872,2.1749,1.9921,1.8407,1.7212,1.6334,1.5765,1.5491,1.5490000000000002,1.5533,1.5486,1.5357,1.5153,1.4883,1.4554,1.4175,1.3754,1.3297,1.2813,1.2308,1.1789,1.1262,1.0731,1.0203,0.96825,0.9172600000000001,0.86774,0.81999,0.7743,0.73088,0.68995,0.65164,0.6161,0.58341,0.55365,0.52687,0.50308,0.48228999999999994,0.46447,0.4496,0.43763,0.42849,0.4221,0.41672,0.41065,0.40397,0.39671,0.38893,0.38069000000000003,0.37204,0.36303,0.35369,0.34409,0.33426999999999996
kfasttab,3,5.7008,7.8501,7.4901,7.2107,7.3186,7.3746,7.3129,7.1679,6.9329,6.6588,6.3925,6.1568,5.9333,5.7359,5.5769,5.4621,5.3922,5.2834,5.0879,4.8267,4.52,4.1861,3.8413,3.4991,3.1710000000000003,2.8668,2.5931,2.3545,2.1538,1.9923,1.8702,1.7867,1.7404,1.7291,1.7498,1.7752,1.7891,1.7921,1.785,1.7685,1.7436,1.7111,1.6719,1.6269,1.577,1.5229,1.4655,1.4055,1.3438,1.2806,1.2164,1.1518,1.0872,1.0231,0.96011,0.89854,0.83878,0.78114,0.72591,0.67333,0.6236,0.57689,0.5333399999999999,0.49304,0.45608999999999994,0.42253,0.39239,0.36569,0.34239,0.32094,0.29982,0.27910999999999997,0.2589,0.23924,0.22019,0.20182,0.18417,0.16727999999999998,0.15119000000000002,0.13592
nafast,0.01,,,,,,,,,,,,,,,,,,,,,,,,,,,,,,,,,,,,,,,,,,,,,,,,,,,,,,,,,,,,,,,,,,,,,,,,,,,,,,,,
nafast,0.05,,,,,,,,,,,,,,,,,,,,,,,,,,,,,,,,,,,,,,,,,,,,,,,,,,,,,,,,,,,,,,,,,,,,,,,,,,,,,,,,
nafast,0.2,2.7903,1.7558,0.9092899999999999,0.76559,1.1106,1.2712,1.1623,0.8957,0.64093,0.44903000000000004,0.33396,0.28402,0.24279,0.20613,0.17635,0.1546,0.14114000000000002,0.13323,0.12886,0.12779000000000001,0.12965,0.13401,0.14043,0.14844000000000002,0.15695,0.1622,0.16389,0.1623,0.15778,0.15070999999999998,0.14146,0.13043,0.11797,0.10445,0.09019400000000001,0.076187,0.063063,0.050959,0.039978,0.030195999999999997,0.021662,0.014400999999999999,0.0084185,0.0037031,0.00022808,-0.0020451,-0.0031651,-0.0031885000000000004,-0.0021784,-0.00035434,0.0018905,0.0045022,0.0074399,0.010662999999999999,0.014133000000000001,0.017811,0.021661,0.025648,0.029738999999999998,0.033902999999999996,0.038110000000000005,0.042332999999999996,0.046546,0.050727,0.054853,0.058904,0.062864,0.066715,0.070444,0.073937,0.07709099999999999,0.079903,0.082376,0.084511,0.086314,0.087788,0.088942,0.089781,0.09031499999999999,0.090552
nafast,0.5,3.7538,5.9347,7.9511,8.2945,7.4093,6.6546,6.3623,6.4188,6.4172,6.3253,6.1748,5.9559,5.519,4.9191,4.2328,3.525,2.8463,2.2476,1.761,1.3966,1.1559,1.0344,1.0231,1.1103,1.2675,1.4040000000000001,1.5065,1.5755,1.6124,1.6192,1.5984,1.5528,1.4854,1.3992,1.2973,1.1935,1.0959,1.0059,0.92396,0.85083,0.78686,0.73225,0.68705,0.65118,0.62447,0.60664,0.59735,0.59617,0.6026699999999999,0.6128899999999999,0.6190399999999999,0.6209899999999999,0.61897,0.61319,0.6039,0.59133,0.57576,0.55742,0.53657,0.51347,0.48836999999999997,0.46151000000000003,0.43312,0.40344,0.37269,0.34108,0.30881,0.27607,0.24303000000000002,0.21045,0.17899,0.14876,0.11985,0.092329,0.06625299999999999,0.041677,0.018642,-0.0028194,-0.022684,-0.040937
nafast,0.8,6.5122,5.5186,5.539,6.5173,7.6605,7.9955,7.5388,6.6798,6.063,5.7915,5.8314,6.0451,6.0437,5.821000000000001,5.432,4.9317,4.37,3.7968,3.2501,2.7539999999999996,2.3251,1.9734,1.7038,1.517,1.4018,1.3090000000000002,1.2326,1.1731,1.1304,1.104,1.0931,1.0966,1.1132,1.1416,1.18,1.2132,1.2323,1.2381,1.2313,1.2131,1.1843,1.1461,1.0996,1.0457,0.98569,0.9204399999999999,0.8509700000000001,0.7782100000000001,0.70305,0.6277699999999999,0.55629,0.48911000000000004,0.42656000000000005,0.36887,0.31625,0.26881,0.22664,0.18977,0.15818,0.13183,0.11064,0.094487,0.08325,0.076769,0.07487,0.077363,0.084049,0.094715,0.10914000000000001,0.12485999999999998,0.13952,0.15309,0.16557,0.17693,0.18717999999999999,0.19630999999999998,0.20432999999999998,0.21125,0.21709,0.22186
nafast,1,5.8947,6.7717,6.5421,6.6543,7.0425,7.1185,6.8659,6.4509,6.1,5.8721,5.7737,5.7514,5.607,5.351,5.023,4.6588,4.2879,3.8993,3.4917,3.088,2.7064,2.3603,2.0592,1.8090000000000002,1.6079,1.4324,1.2813,1.1566,1.0588,0.98793,0.9432,0.9233100000000001,0.9266,0.95114,0.9945799999999999,1.0365,1.0651,1.0808,1.0844,1.0767,1.0585,1.0307,0.99441,0.95047,0.89989,0.8436,0.7825300000000001,0.7175699999999999,0.64955,0.58094,0.5160399999999999,0.45532,0.39907,0.34748,0.30071,0.25886,0.22196999999999997,0.19007000000000002,0.16310999999999998,0.14104,0.12376,0.11117,0.10311,0.099439,0.099976,0.10454000000000001,0.11292,0.12494000000000001,0.14035999999999998,0.15685,0.17215999999999998,0.18629,0.19921,0.21091,0.22139,0.23066,0.23872,0.24559,0.25128,0.25582
nafast,1.2,5.2613,6.9049,6.9675,6.894,6.8923,6.7574,6.5241,6.2754,6.0757,5.9488,5.8974,5.8781,5.7252,5.4549,5.1093,4.7257,4.3355,3.9271,3.4995,3.0767,2.6775,2.316,2.002,1.7416,1.5331,1.3538,1.2026,1.0807,0.9886299999999999,0.9258299999999999,0.89117,0.8829600000000001,0.89918,0.93755,0.99539,1.0516,1.094,1.1228,1.1386,1.1421,1.1341,1.1154,1.087,1.0499,1.0049,0.95304,0.89528,0.83252,0.76565,0.69722,0.63169,0.56957,0.5112,0.45683999999999997,0.4067,0.36091999999999996,0.31961999999999996,0.28285,0.25065,0.22300999999999999,0.19987,0.18118,0.16684000000000002,0.15674000000000002,0.15075,0.14872,0.15049,0.15589,0.16475,0.17482999999999999,0.18400999999999998,0.1923,0.19968,0.20617,0.21176999999999999,0.21649000000000002,0.22034,0.22334,0.22551999999999997,0.22689
nafast,1.5,5.1679,4.9116,4.0786,3.9085,4.2821,4.4512,4.3231,4.0318,3.806,3.6878,3.6715,3.7066,3.6297,3.4477,3.1932,2.8964,2.5834,2.2618,1.9406,1.6358,1.3595,1.1199,0.92215,0.76882,0.65671,0.56639,0.49561000000000005,0.44443,0.41231,0.3983,0.40113000000000004,0.41928000000000004,0.45114,0.49498000000000003,0.54893,0.60014,0.64108,0.67186,0.69276,0.70417,0.7065899999999999,0.70058,0.68677,0.66582,0.63839,0.6052,0.56691,0.5242,0.47775,0.42988000000000004,0.38483,0.34297,0.30446999999999996,0.26944,0.23799,0.21015,0.18595,0.16537000000000002,0.14837,0.1349,0.12487000000000001,0.11818,0.11473,0.11438,0.11699999999999999,0.12245,0.13058,0.14123,0.15425,0.16788,0.18045999999999998,0.19197,0.2024,0.21175,0.22002,0.22721999999999998,0.23337,0.23847,0.24255,0.24561999999999998
nafast,2.0,2.5299,1.956,1.2559,0.9143700000000001,0.93581,0.94195,0.87597,0.78235,0.7372,0.7446,0.79252,0.85741,0.88384,0.8700600000000001,0.82384,0.75368,0.66787,0.5801,0.5,0.43061000000000005,0.37379,0.33044,0.30072,0.28419,0.27846,0.27458,0.27132,0.2687,0.26673,0.26541,0.2647,0.26456999999999997,0.26497,0.26585,0.26714,0.26769,0.26684,0.26471,0.26143,0.25711999999999996,0.25190999999999997,0.24593,0.23929,0.23212,0.22453,0.21663000000000002,0.20851999999999998,0.20027999999999999,0.19201,0.18392999999999998,0.1764,0.16948,0.16318,0.15754,0.15254,0.1482,0.14452,0.14149,0.1391,0.13732,0.13616,0.13557,0.13555,0.13606,0.13708,0.13859000000000002,0.14054,0.14292,0.1457,0.14842,0.15068,0.15247,0.15381,0.15471,0.15517999999999998,0.15524000000000002,0.1549,0.15417999999999998,0.15309,0.15166
nafast,3,2.3101,1.2316,0.69721,0.8018,1.2279,1.3729,1.1947,0.8477299999999999,0.58152,0.44264,0.42404,0.49099,0.55794,0.61041,0.64641,0.66581,0.6698,0.66506,0.6564300000000001,0.6448699999999999,0.63126,0.61643,0.6011,0.58586,0.5705899999999999,0.5524,0.53164,0.5091100000000001,0.48555,0.46163000000000004,0.4379,0.41486999999999996,0.39292,0.3724,0.35354,0.33503,0.31621,0.29741,0.27889,0.2609,0.24363,0.22726999999999997,0.21194000000000002,0.19776,0.18482,0.17318,0.16289,0.15395,0.14639000000000002,0.13971,0.13287000000000002,0.1259,0.11885,0.1118,0.10479000000000001,0.097874,0.09109500000000001,0.084494,0.078105,0.071961,0.066086,0.060506,0.055238,0.050299,0.045701,0.041455,0.037567,0.034042,0.030882,0.027942,0.025084,0.022317,0.019651,0.017092,0.014647,0.012323,0.010121999999999999,0.0080504,0.0061101,0.0043038
